date,nav
2015-07-15,9.81
2015-07-16,9.85
2015-07-17,9.87
2015-07-21,9.92
2015-07-22,9.83
2015-07-23,9.85
2015-07-24,9.75
2015-07-27,9.55
2015-07-28,9.59
2015-07-29,9.6
2015-07-30,9.71
2015-07-31,9.8
2015-08-03,9.85
2015-08-04,9.86
2015-08-05,10.0
2015-08-06,10.0
2015-08-07,10.02
2015-08-10,10.03
2015-08-11,10.08
2015-08-12,9.87
2015-08-13,9.95
2015-08-14,9.92
2015-08-17,9.95
2015-08-18,9.97
2015-08-19,9.87
2015-08-20,9.68
2015-08-21,9.37
2015-08-24,8.33
2015-08-25,8.8
2015-08-26,8.8
2015-08-27,9.03
2015-08-28,9.23
2015-08-31,9.12
2015-09-01,8.8
2015-09-02,8.67
2015-09-03,8.72
2015-09-04,8.55
2015-09-07,8.65
2015-09-08,8.74
2015-09-09,9.1
2015-09-10,8.99
2015-09-11,8.83
2015-09-14,8.83
2015-09-15,8.79
2015-09-16,9.0
2015-09-17,9.03
2015-09-18,8.67
2015-09-24,8.41
2015-09-25,8.81
2015-09-28,8.55
2015-09-29,8.31
2015-09-30,8.41
2015-10-01,8.52
2015-10-02,8.48
2015-10-05,8.94
2015-10-06,8.98
2015-10-07,9.1
2015-10-08,9.12
2015-10-09,9.33
2015-10-13,9.25
2015-10-14,8.98
2015-10-15,9.14
2015-10-16,9.27
2015-10-19,9.17
2015-10-20,9.25
2015-10-21,9.42
2015-10-22,9.5
2015-10-23,9.68
2015-10-26,9.63
2015-10-27,9.49
2015-10-28,9.46
2015-10-29,9.46
2015-10-30,9.41
2015-11-02,9.31
2015-11-04,9.33
2015-11-05,9.42
2015-11-06,9.5
2015-11-09,9.66
2015-11-10,9.68
2015-11-11,9.69
2015-11-12,9.59
2015-11-13,9.61
2015-11-16,9.58
2015-11-17,9.6
2015-11-18,9.64
2015-11-19,9.78
2015-11-20,9.75
2015-11-24,9.77
2015-11-25,9.67
2015-11-26,9.73
2015-11-27,9.7
2015-11-30,9.61
2015-12-01,9.72
2015-12-02,9.72
2015-12-03,9.75
2015-12-04,9.56
2015-12-07,9.62
2015-12-08,9.4
2015-12-09,9.41
2015-12-10,9.3
2015-12-11,9.11
2015-12-14,9.17
2015-12-15,9.17
2015-12-16,9.29
2015-12-17,9.41
2015-12-18,9.19
2015-12-21,9.1
2015-12-22,9.06
2015-12-28,9.1
2015-12-29,9.21
2015-12-30,9.23
2016-01-04,8.85
2016-01-05,9.0
2016-01-06,8.78
2016-01-07,8.6
2016-01-08,8.57
2016-01-12,8.43
2016-01-13,8.54
2016-01-14,8.4
2016-01-15,8.22
2016-01-18,8.3
2016-01-19,8.35
2016-01-20,7.96
2016-01-21,7.83
2016-01-22,8.24
2016-01-25,8.27
2016-01-26,8.14
2016-01-27,8.29
2016-01-28,8.22
2016-01-29,8.42
2016-02-01,8.37
2016-02-02,8.3
2016-02-03,7.97
2016-02-04,7.95
2016-02-05,7.98
2016-02-08,7.75
2016-02-09,7.45
2016-02-10,7.34
2016-02-12,6.9
2016-02-15,7.35
2016-02-16,7.39
2016-02-17,7.47
2016-02-18,7.53
2016-02-19,7.33
2016-02-22,7.46
2016-02-23,7.4
2016-02-24,7.21
2016-02-25,7.5
2016-02-26,7.6
2016-02-29,7.41
2016-03-01,7.47
2016-03-02,7.71
2016-03-03,7.9
2016-03-04,8.06
2016-03-07,7.94
2016-03-08,7.88
2016-03-09,7.79
2016-03-10,7.92
2016-03-11,8.02
2016-03-14,8.16
2016-03-15,7.98
2016-03-16,7.98
2016-03-17,7.87
2016-03-18,7.89
2016-03-22,8.0
2016-03-23,7.92
2016-03-24,7.8
2016-03-29,8.03
2016-03-30,7.93
2016-03-31,7.89
2016-04-01,7.63
2016-04-04,7.62
2016-04-05,7.41
2016-04-06,7.36
2016-04-07,7.31
2016-04-08,7.51
2016-04-11,7.47
2016-04-12,7.66
2016-04-13,7.99
2016-04-14,8.04
2016-04-15,8.01
2016-04-18,7.98
2016-04-19,8.21
2016-04-20,8.22
2016-04-21,8.25
2016-04-22,8.5
2016-04-25,8.44
2016-04-26,8.33
2016-04-27,8.28
2016-04-28,7.92
2016-05-02,7.64
2016-05-06,7.54
2016-05-09,7.72
2016-05-10,7.79
2016-05-11,7.8
2016-05-12,7.82
2016-05-13,7.68
2016-05-17,7.85
2016-05-18,7.89
2016-05-19,7.79
2016-05-20,7.92
2016-05-23,7.94
2016-05-24,7.95
2016-05-25,8.06
2016-05-26,8.0
2016-05-27,8.1
2016-05-30,8.2
2016-05-31,8.27
2016-06-01,8.1
2016-06-02,7.98
2016-06-03,7.8
2016-06-06,7.87
2016-06-07,7.95
2016-06-10,7.72
2016-06-13,7.52
2016-06-14,7.44
2016-06-15,7.51
2016-06-16,7.31
2016-06-17,7.41
2016-06-20,7.61
2016-06-21,7.66
2016-06-22,7.57
2016-06-24,7.29
2016-06-27,6.96
2016-06-28,7.08
2016-06-29,7.21
2016-06-30,7.15
2016-07-01,7.18
2016-07-04,7.19
2016-07-05,7.04
2016-07-06,6.85
2016-07-07,6.89
2016-07-08,6.91
2016-07-11,7.22
2016-07-12,7.57
2016-07-13,7.56
2016-07-14,7.73
2016-07-15,7.73
2016-07-19,7.83
2016-07-20,7.77
2016-07-21,7.83
2016-07-22,7.82
2016-08-01,7.65
2016-08-02,7.48
2016-08-03,7.41
2016-08-04,7.63
2016-08-05,7.75
2016-08-08,7.87
2016-08-09,7.92
2016-08-10,7.88
2016-08-12,7.93
2016-08-16,7.8
2016-08-17,7.92
2016-08-18,7.9
2016-08-19,8.01
2016-08-22,8.04
2016-08-23,7.91
2016-08-24,7.99
2016-08-25,8.0
2016-08-26,7.92
2016-08-29,8.14
2016-08-30,8.18
2016-08-31,8.33
2016-09-01,8.38
2016-09-02,8.48
2016-09-05,8.44
2016-09-06,8.47
2016-09-07,8.37
2016-09-08,8.35
2016-09-09,8.39
2016-09-12,8.25
2016-09-13,8.22
2016-09-14,8.15
2016-09-15,8.04
2016-09-16,8.05
2016-09-20,8.13
2016-09-21,8.31
2016-09-23,8.31
2016-09-26,8.14
2016-09-27,8.26
2016-09-28,8.19
2016-09-29,8.33
2016-09-30,8.2
2016-10-03,8.22
2016-10-04,8.36
2016-10-05,8.41
2016-10-06,8.48
2016-10-07,8.5
2016-10-11,8.54
2016-10-12,8.42
2016-10-13,8.42
2016-10-14,8.46
2016-10-17,8.51
2016-10-18,8.54
2016-10-19,8.53
2016-10-20,8.65
2016-10-21,8.65
2016-10-24,8.73
2016-10-25,8.71
2016-10-26,8.73
2016-10-27,8.73
2016-10-28,8.82
2016-10-31,8.87
2016-11-02,8.72
2016-11-04,8.6
2016-11-07,8.75
2016-11-08,8.79
2016-11-09,8.75
2016-11-10,9.02
2016-11-11,9.07
2016-11-14,9.25
2016-11-15,9.29
2016-11-16,9.44
2016-11-17,9.43
2016-11-18,9.47
2016-11-21,9.58
2016-11-22,9.59
2016-11-24,9.72
2016-11-25,9.74
2016-11-28,9.78
2016-11-29,9.76
2016-11-30,9.91
2016-12-01,9.93
2016-12-02,10.03
2016-12-05,10.08
2016-12-06,10.1
2016-12-07,10.27
2016-12-08,10.45
2016-12-09,10.63
2016-12-12,10.47
2016-12-13,10.47
2016-12-14,10.49
2016-12-15,10.65
2016-12-16,10.63
2016-12-19,10.55
2016-12-20,10.61
2016-12-21,10.51
2016-12-22,10.52
2016-12-27,10.44
2016-12-28,10.43
2016-12-29,10.26
2016-12-30,10.28
2017-01-04,10.54
2017-01-05,10.55
2017-01-06,10.48
2017-01-10,10.45
2017-01-11,10.57
2017-01-12,10.46
2017-01-13,10.5
2017-01-16,10.42
2017-01-17,10.26
2017-01-18,10.33
2017-01-19,10.42
2017-01-20,10.59
2017-01-23,10.4
2017-01-24,10.3
2017-01-25,10.57
2017-01-26,10.78
2017-01-27,10.69
2017-01-30,10.52
2017-01-31,10.25
2017-02-01,10.47
2017-02-02,10.28
2017-02-03,10.33
2017-02-06,10.42
2017-02-07,10.45
2017-02-08,10.58
2017-02-09,10.41
2017-02-10,10.68
2017-02-13,10.76
2017-02-14,10.66
2017-02-15,10.8
2017-02-16,10.79
2017-02-17,10.6
2017-02-20,10.7
2017-02-21,10.78
2017-02-22,10.84
2017-02-23,10.79
2017-02-24,10.72
2017-02-27,10.54
2017-02-28,10.55
2017-03-01,10.82
2017-03-02,10.79
2017-03-03,10.75
2017-03-06,10.72
2017-03-07,10.72
2017-03-08,10.78
2017-03-09,10.75
2017-03-10,10.87
2017-03-13,10.86
2017-03-14,10.85
2017-03-15,10.82
2017-03-16,10.83
2017-03-17,10.74
2017-03-21,10.61
2017-03-22,10.4
2017-03-23,10.41
2017-03-24,10.49
2017-03-27,10.35
2017-03-28,10.5
2017-03-29,10.55
2017-03-30,10.46
2017-03-31,10.36
2017-04-03,10.34
2017-04-04,10.21
2017-04-05,10.3
2017-04-06,10.14
2017-04-07,10.13
2017-04-10,10.26
2017-04-11,10.22
2017-04-12,10.09
2017-04-13,10.01
2017-04-18,10.06
2017-04-19,10.05
2017-04-20,10.09
2017-04-21,10.24
2017-04-24,10.32
2017-04-25,10.44
2017-04-26,10.64
2017-04-27,10.63
2017-04-28,10.57
2017-05-02,10.67
2017-05-08,10.88
2017-05-09,10.92
2017-05-10,10.87
2017-05-11,10.85
2017-05-12,10.78
2017-05-15,10.86
2017-05-16,10.87
2017-05-17,10.62
2017-05-18,10.58
2017-05-19,10.65
2017-05-22,10.71
2017-05-23,10.67
2017-05-24,10.76
2017-05-26,10.69
2017-05-29,10.67
2017-05-30,10.69
2017-05-31,10.66
2017-06-01,10.77
2017-06-02,11.02
2017-06-06,10.82
2017-06-07,10.88
2017-06-08,10.87
2017-06-09,10.88
2017-06-12,10.9
2017-06-13,10.92
2017-06-14,10.86
2017-06-15,10.8
2017-06-16,10.9
2017-06-19,10.86
2017-06-20,10.92
2017-06-21,10.88
2017-06-22,10.88
2017-06-26,10.91
2017-06-27,10.99
2017-06-28,11.05
2017-06-29,11.16
2017-06-30,11.12
2017-07-03,11.13
2017-07-04,11.15
2017-07-05,11.23
2017-07-06,11.19
2017-07-07,11.14
2017-07-10,11.21
2017-07-11,11.28
2017-07-12,11.23
2017-07-13,11.21
2017-07-14,11.3
2017-07-18,11.24
2017-07-19,11.19
2017-07-27,11.28
2017-07-28,11.25
2017-07-31,11.33
2017-08-01,11.37
2017-08-02,11.38
2017-08-03,11.38
2017-08-04,11.38
2017-08-07,11.45
2017-08-08,11.39
2017-08-09,11.29
2017-08-10,11.25
2017-08-14,11.12
2017-08-16,11.28
2017-08-17,11.3
2017-08-18,11.16
2017-08-21,11.12
2017-08-22,11.16
2017-08-23,11.15
2017-08-24,11.07
2017-08-25,11.15
2017-08-28,11.15
2017-08-29,11.11
2017-08-30,11.2
2017-08-31,11.29
2017-09-01,11.3
2017-09-04,11.15
2017-09-05,11.06
2017-09-06,11.05
2017-09-07,11.09
2017-09-08,11.03
2017-09-11,11.16
2017-09-12,11.3
2017-09-13,11.42
2017-09-14,11.4
2017-09-15,11.49
2017-09-19,11.72
2017-09-20,11.72
2017-09-21,11.79
2017-09-22,11.81
2017-09-25,11.83
2017-09-26,11.81
2017-09-27,11.87
2017-09-28,11.99
2017-09-29,11.99
2017-10-02,11.99
2017-10-03,12.05
2017-10-04,12.04
2017-10-05,12.03
2017-10-06,12.1
2017-10-10,12.13
2017-10-11,12.1
2017-10-12,12.09
2017-10-13,12.12
2017-10-16,12.21
2017-10-17,12.23
2017-10-18,12.23
2017-10-19,12.29
2017-10-20,12.27
2017-10-23,12.37
2017-10-24,12.48
2017-10-25,12.48
2017-10-26,12.53
2017-10-27,12.66
2017-10-30,12.6
2017-10-31,12.48
2017-11-02,12.64
2017-11-06,12.58
2017-11-07,12.74
2017-11-08,12.73
2017-11-09,12.58
2017-11-10,12.53
2017-11-13,12.46
2017-11-14,12.42
2017-11-15,12.12
2017-11-16,12.18
2017-11-17,12.18
2017-11-20,12.14
2017-11-21,12.2
2017-11-22,12.25
2017-11-24,12.23
2017-11-27,12.2
2017-11-28,12.17
2017-11-29,12.33
2017-11-30,12.48
2017-12-01,12.54
2017-12-04,12.51
2017-12-05,12.61
2017-12-06,12.41
2017-12-07,12.48
2017-12-08,12.6
2017-12-11,12.72
2017-12-12,12.82
2017-12-13,12.79
2017-12-14,12.76
2017-12-15,12.62
2017-12-18,12.77
2017-12-19,12.82
2017-12-20,12.93
2017-12-21,12.89
2017-12-22,12.99
2017-12-27,12.97
2017-12-28,12.9
2017-12-29,12.93
2018-01-04,13.26
2018-01-05,13.41
2018-01-09,13.49
2018-01-10,13.48
2018-01-11,13.62
2018-01-12,13.51
2018-01-15,13.56
2018-01-16,13.54
2018-01-17,13.5
2018-01-18,13.34
2018-01-19,13.47
2018-01-22,13.48
2018-01-23,13.62
2018-01-24,13.58
2018-01-25,13.48
2018-01-26,13.37
2018-01-29,13.39
2018-01-30,13.31
2018-01-31,13.11
2018-02-01,13.39
2018-02-02,13.4
2018-02-05,13.22
2018-02-06,12.91
2018-02-07,12.84
2018-02-08,12.77
2018-02-09,12.56
2018-02-13,12.45
2018-02-14,12.32
2018-02-15,12.41
2018-02-19,12.85
2018-02-21,12.79
2018-02-22,12.66
2018-02-23,12.81
2018-02-26,12.88
2018-02-27,13.01
2018-02-28,12.83
2018-03-01,12.65
2018-03-02,12.18
2018-03-05,12.21
2018-03-06,12.32
2018-03-07,12.2
2018-03-08,12.24
2018-03-09,12.36
2018-03-12,12.48
2018-03-13,12.52
2018-03-14,12.48
2018-03-15,12.47
2018-03-16,12.41
2018-03-19,12.28
2018-03-20,12.36
2018-03-22,12.2
2018-03-23,11.95
2018-03-26,11.92
2018-03-27,12.22
2018-03-28,12.22
2018-03-29,12.21
2018-04-03,12.2
2018-04-04,12.21
2018-04-05,12.32
2018-04-06,12.3
2018-04-09,12.36
2018-04-10,12.46
2018-04-11,12.48
2018-04-12,12.36
2018-04-13,12.55
2018-04-16,12.56
2018-04-17,12.47
2018-04-18,12.58
2018-04-19,12.66
2018-04-20,12.72
2018-04-23,12.81
2018-04-24,13.02
2018-04-25,13.01
2018-04-26,12.94
2018-04-27,12.91
2018-05-02,12.88
2018-05-07,12.83
2018-05-08,12.85
2018-05-09,12.78
2018-05-11,12.91
2018-05-14,12.99
2018-05-15,13.05
2018-05-16,13.03
2018-05-17,13.12
2018-05-18,13.16
2018-05-22,13.06
2018-05-23,12.95
2018-05-24,12.72
2018-05-25,12.65
2018-05-28,12.65
2018-05-29,12.55
2018-05-30,12.33
2018-05-31,12.39
2018-06-01,12.4
2018-06-04,12.64
2018-06-05,12.57
2018-06-06,12.61
2018-06-07,12.7
2018-06-08,12.6
2018-06-11,12.61
2018-06-12,12.62
2018-06-13,12.67
2018-06-14,12.61
2018-06-15,12.59
2018-06-18,12.39
2018-06-19,12.26
2018-06-20,12.29
2018-06-21,12.2
2018-06-22,12.13
2018-06-25,12.08
2018-06-26,12.15
2018-06-27,12.09
2018-06-28,12.09
2018-06-29,12.15
2018-07-02,11.93
2018-07-03,11.89
2018-07-04,11.88
2018-07-05,11.77
2018-07-06,11.91
2018-07-09,11.97
2018-07-10,12.03
2018-07-11,11.92
2018-07-13,12.02
2018-07-17,12.16
2018-07-18,12.21
2018-07-19,12.27
2018-07-20,12.22
2018-07-23,12.24
2018-07-24,12.34
2018-07-25,12.38
2018-07-26,12.46
2018-07-27,12.47
2018-07-30,12.54
2018-07-31,12.44
2018-08-01,12.61
2018-08-02,12.49
2018-08-03,12.44
2018-08-06,12.38
2018-08-07,12.47
2018-08-08,12.5
2018-08-09,12.46
2018-08-10,12.33
2018-08-13,12.14
2018-08-14,12.17
2018-08-16,12.05
2018-08-17,12.18
2018-08-20,12.16
2018-08-21,12.15
2018-08-22,12.3
2018-08-23,12.28
2018-08-24,12.27
2018-08-27,12.37
2018-08-28,12.45
2018-08-29,12.57
2018-08-30,12.47
2018-08-31,12.38
2018-09-03,12.23
2018-09-04,12.17
2018-09-05,12.09
2018-09-06,12.03
2018-09-07,11.98
2018-09-10,12.0
2018-09-11,12.03
2018-09-12,11.96
2018-09-13,12.12
2018-09-14,12.26
2018-09-18,12.51
2018-09-19,12.7
2018-09-20,12.75
2018-09-21,12.95
2018-09-25,13.02
2018-09-26,13.01
2018-09-27,12.95
2018-09-28,13.05
2018-10-01,13.07
2018-10-02,13.1
2018-10-03,12.93
2018-10-04,13.04
2018-10-05,13.05
2018-10-09,12.84
2018-10-10,12.87
2018-10-11,12.62
2018-10-12,12.42
2018-10-15,12.26
2018-10-16,12.41
2018-10-17,12.54
2018-10-18,12.52
2018-10-19,12.4
2018-10-22,12.44
2018-10-23,12.12
2018-10-24,12.12
2018-10-25,11.94
2018-10-26,11.86
2018-10-29,11.91
2018-10-30,11.92
2018-10-31,12.18
2018-11-02,12.28
2018-11-05,12.18
2018-11-06,12.35
2018-11-07,12.24
2018-11-08,12.4
2018-11-09,12.38
2018-11-12,12.23
2018-11-13,12.05
2018-11-14,12.09
2018-11-15,12.04
2018-11-16,12.01
2018-11-19,11.94
2018-11-20,11.71
2018-11-21,11.77
2018-11-22,11.84
2018-11-26,11.95
2018-11-27,11.99
2018-11-28,12.01
2018-11-29,12.02
2018-11-30,12.01
2018-12-03,12.18
2018-12-04,11.95
2018-12-05,11.86
2018-12-06,11.59
2018-12-07,11.73
2018-12-10,11.54
2018-12-11,11.51
2018-12-12,11.56
2018-12-13,11.71
2018-12-14,11.55
2018-12-17,11.43
2018-12-18,11.38
2018-12-19,11.33
2018-12-20,10.99
2018-12-21,10.76
2018-12-27,10.68
2018-12-28,10.81
2019-01-04,10.79
2019-01-07,11.07
2019-01-08,11.17
2019-01-09,11.29
2019-01-10,11.28
2019-01-11,11.41
2019-01-15,11.51
2019-01-16,11.44
2019-01-17,11.5
2019-01-18,11.63
2019-01-21,11.77
2019-01-22,11.67
2019-01-23,11.64
2019-01-24,11.71
2019-01-25,11.83
2019-01-28,11.78
2019-01-29,11.75
2019-01-30,11.69
2019-01-31,11.84
2019-02-01,11.73
2019-02-04,11.85
2019-02-05,11.85
2019-02-06,11.93
2019-02-07,11.85
2019-02-08,11.59
2019-02-12,11.78
2019-02-13,11.92
2019-02-14,11.92
2019-02-15,11.91
2019-02-18,11.99
2019-02-19,11.99
2019-02-20,12.01
2019-02-21,12.03
2019-02-22,11.99
2019-02-25,12.07
2019-02-26,12.04
2019-02-27,12.08
2019-02-28,11.95
2019-03-01,11.97
2019-03-04,12.03
2019-03-05,11.96
2019-03-06,11.94
2019-03-07,11.78
2019-03-08,11.51
2019-03-11,11.6
2019-03-12,11.81
2019-03-13,11.69
2019-03-14,11.66
2019-03-15,11.74
2019-03-18,11.78
2019-03-19,11.81
2019-03-20,11.82
2019-03-22,11.7
2019-03-25,11.56
2019-03-26,11.84
2019-03-27,11.88
2019-03-28,11.71
2019-03-29,11.74
2019-04-01,11.97
2019-04-02,12.04
2019-04-03,12.13
2019-04-04,12.13
2019-04-05,12.23
2019-04-08,12.14
2019-04-09,12.13
2019-04-10,12.04
2019-04-11,11.98
2019-04-12,12.06
2019-04-15,12.14
2019-04-16,12.13
2019-04-17,12.26
2019-04-18,12.15
2019-04-23,12.08
2019-04-24,11.9
2019-04-25,11.94
2019-04-26,11.94
2019-05-07,11.87
2019-05-08,11.7
2019-05-10,11.43
2019-05-13,11.19
2019-05-14,11.27
2019-05-15,11.14
2019-05-16,11.21
2019-05-17,11.18
2019-05-20,11.12
2019-05-21,11.2
2019-05-22,11.17
2019-05-23,11.01
2019-05-24,11.14
2019-05-27,11.19
2019-05-28,11.26
2019-05-29,11.21
2019-05-31,11.01
2019-06-03,10.89
2019-06-04,10.98
2019-06-05,11.23
2019-06-06,11.13
2019-06-07,11.21
2019-06-11,11.45
2019-06-12,11.38
2019-06-13,11.27
2019-06-14,11.29
2019-06-17,11.24
2019-06-18,11.32
2019-06-19,11.43
2019-06-20,11.43
2019-06-21,11.37
2019-06-24,11.39
2019-06-25,11.38
2019-06-26,11.4
2019-06-27,11.58
2019-06-28,11.57
2019-07-01,11.78
2019-07-02,11.85
2019-07-03,11.75
2019-07-04,11.83
2019-07-05,11.85
2019-07-08,11.8
2019-07-09,11.77
2019-07-10,11.72
2019-07-11,11.76
2019-07-12,11.74
2019-07-16,11.68
2019-07-17,11.65
2019-07-18,11.4
2019-07-19,11.58
2019-07-22,11.56
2019-07-23,11.65
2019-07-24,11.67
2019-07-25,11.69
2019-07-26,11.61
2019-07-29,11.55
2019-07-30,11.6
2019-07-31,11.47
2019-08-01,11.54
2019-08-02,11.17
2019-08-06,10.85
2019-08-07,10.69
2019-08-08,10.79
2019-08-09,10.78
2019-08-14,10.47
2019-08-16,10.53
2019-08-19,10.62
2019-08-20,10.71
2019-08-21,10.63
2019-08-22,10.64
2019-08-23,10.69
2019-08-26,10.6
2019-08-27,10.58
2019-08-28,10.62
2019-08-29,10.74
2019-08-30,10.79
2019-09-02,10.75
2019-09-03,10.83
2019-09-04,10.79
2019-09-05,11.05
2019-09-06,11.13
2019-09-09,11.19
2019-09-10,11.43
2019-09-11,11.75
2019-09-12,11.83
2019-09-13,11.9
2019-09-17,11.91
2019-09-18,11.81
2019-09-19,11.83
2019-09-20,11.84
2019-09-24,11.82
2019-09-25,11.82
2019-09-26,11.92
2019-09-27,11.86
2019-09-30,11.73
2019-10-01,11.95
2019-10-02,11.73
2019-10-03,11.69
2019-10-04,11.7
2019-10-07,11.67
2019-10-08,11.61
2019-10-09,11.65
2019-10-10,11.71
2019-10-11,12.01
2019-10-15,12.09
2019-10-16,12.18
2019-10-17,12.15
2019-10-18,12.14
2019-10-21,12.15
2019-10-23,12.26
2019-10-24,12.35
2019-10-25,12.33
2019-10-28,12.39
2019-10-29,12.59
2019-10-30,12.51
2019-10-31,12.36
2019-11-06,12.87
2019-11-07,13.02
2019-11-08,13.0
2019-11-11,13.02
2019-11-12,13.1
2019-11-13,12.99
2019-11-14,12.94
2019-11-15,13.0
2019-11-18,12.98
2019-11-20,12.87
2019-11-21,12.84
2019-11-22,12.86
2019-11-25,12.97
2019-11-26,12.94
2019-11-27,12.99
2019-11-28,12.99
2019-11-29,12.93
2019-12-02,12.92
2019-12-03,12.79
2019-12-04,13.02
2019-12-05,13.08
2019-12-06,13.22
2019-12-09,13.22
2019-12-10,13.21
2019-12-11,13.17
2019-12-12,13.12
2019-12-13,13.39
2019-12-16,13.36
2019-12-17,13.45
2019-12-18,13.43
2019-12-19,13.41
2019-12-20,13.38
2019-12-23,13.32
2019-12-27,13.35
2019-12-30,13.16
2020-01-06,13.1
2020-01-07,13.27
2020-01-08,13.22
2020-01-09,13.31
2020-01-10,13.33
2020-01-14,13.38
2020-01-15,13.31
2020-01-16,13.28
2020-01-17,13.44
2020-01-20,13.49
2020-01-21,13.4
2020-01-22,13.41
2020-01-23,13.27
2020-01-24,13.27
2020-01-27,13.02
2020-01-28,12.95
2020-01-29,13.04
2020-01-30,12.82
2020-01-31,12.67
2020-02-03,12.67
2020-02-04,12.96
2020-02-05,13.13
2020-02-06,13.25
2020-02-07,13.16
2020-02-10,13.07
2020-02-12,13.06
2020-02-13,12.99
2020-02-14,12.84
2020-02-17,12.72
2020-02-18,12.65
2020-02-19,12.69
2020-02-20,12.63
2020-02-21,12.51
2020-02-25,11.94
2020-02-26,11.97
2020-02-27,11.47
2020-02-28,10.95
2020-03-02,11.01
2020-03-03,11.07
2020-03-04,11.03
2020-03-05,10.89
2020-03-06,10.37
2020-03-09,9.39
2020-03-10,9.66
2020-03-11,9.76
2020-03-12,8.77
2020-03-13,8.65
2020-03-16,8.34
2020-03-17,8.58
2020-03-18,8.53
2020-03-19,8.7
2020-03-23,8.84
2020-03-24,9.49
2020-03-25,9.61
2020-03-26,9.66
2020-03-27,9.58
2020-03-30,9.58
2020-03-31,9.34
2020-04-01,8.97
2020-04-02,8.76
2020-04-03,8.64
2020-04-06,8.98
2020-04-07,9.54
2020-04-08,9.12
2020-04-09,9.42
2020-04-14,9.38
2020-04-15,9.12
2020-04-16,8.96
2020-04-17,9.18
2020-04-20,9.29
2020-04-21,9.1
2020-04-22,8.93
2020-04-23,9.2
2020-04-24,9.15
2020-04-27,9.45
2020-04-28,9.57
2020-04-30,9.67
2020-05-07,9.31
2020-05-08,9.57
2020-05-11,9.87
2020-05-12,9.69
2020-05-13,9.66
2020-05-14,9.26
2020-05-15,9.43
2020-05-18,9.59
2020-05-19,9.82
2020-05-20,9.93
2020-05-22,9.67
2020-05-25,9.91
2020-05-26,10.24
2020-05-27,10.54
2020-05-28,10.87
2020-05-29,10.5
2020-06-02,10.72
2020-06-03,10.92
2020-06-04,10.92
2020-06-05,11.35
2020-06-08,11.57
2020-06-09,11.28
2020-06-10,11.23
2020-06-11,10.69
2020-06-12,10.62
2020-06-15,10.4
2020-06-16,10.95
2020-06-17,10.82
2020-06-18,10.73
2020-06-19,10.62
2020-06-22,10.62
2020-06-24,10.46
2020-06-25,10.22
2020-06-26,10.28
2020-06-29,9.98
2020-06-30,10.14
2020-07-01,10.0
2020-07-02,10.2
2020-07-03,10.05
2020-07-06,10.32
2020-07-07,10.23
2020-07-08,10.14
2020-07-09,10.04
2020-07-10,9.82
2020-07-13,10.23
2020-07-14,10.21
2020-07-15,10.41
2020-07-16,10.52
2020-07-17,10.38
2020-07-20,10.37
2020-07-21,10.29
2020-07-22,10.3
2020-07-27,10.27
2020-07-28,10.14
2020-07-29,9.92
2020-07-30,9.63
2020-07-31,9.47
2020-08-03,9.55
2020-08-04,9.9
2020-08-05,9.92
2020-08-06,9.88
2020-08-07,9.84
2020-08-11,10.36
2020-08-12,10.66
2020-08-13,10.54
2020-08-14,10.52
2020-08-17,10.45
2020-08-18,10.34
2020-08-19,10.4
2020-08-20,10.34
2020-08-21,10.39
2020-08-24,10.33
2020-08-25,10.61
2020-08-26,10.62
2020-08-27,10.49
2020-08-28,10.56
2020-08-31,10.65
2020-09-01,10.59
2020-09-02,10.55
2020-09-03,10.62
2020-09-04,10.64
2020-09-07,10.71
2020-09-08,10.66
2020-09-09,10.71
2020-09-10,10.95
2020-09-11,11.0
2020-09-14,11.09
2020-09-15,11.0
2020-09-16,10.85
2020-09-17,10.75
2020-09-18,10.82
2020-09-23,10.67
2020-09-24,10.49
2020-09-25,10.53
2020-09-28,10.73
2020-09-29,10.76
2020-09-30,10.56
2020-10-02,10.4
2020-10-05,10.7
2020-10-06,10.84
2020-10-07,10.87
2020-10-08,10.88
2020-10-09,10.79
2020-10-12,10.72
2020-10-13,10.77
2020-10-14,10.6
2020-10-15,10.59
2020-10-16,10.55
2020-10-19,10.72
2020-10-20,10.59
2020-10-21,10.8
2020-10-22,10.72
2020-10-23,10.87
2020-10-26,10.86
2020-10-27,10.73
2020-10-28,10.3
2020-10-29,10.5
2020-10-30,10.31
2020-11-02,10.62
2020-11-04,10.73
2020-11-05,10.61
2020-11-06,10.76
2020-11-09,11.16
2020-11-10,11.62
2020-11-11,11.78
2020-11-12,11.4
2020-11-13,11.24
2020-11-16,11.54
2020-11-17,11.7
2020-11-18,11.5
2020-11-19,11.45
2020-11-20,11.48
2020-11-24,11.87
2020-11-25,11.86
2020-11-26,11.82
2020-11-27,11.81
2020-11-30,11.47
2020-12-01,11.66
2020-12-02,11.89
2020-12-03,11.93
2020-12-04,12.04
2020-12-07,11.91
2020-12-08,11.87
2020-12-09,12.05
2020-12-10,11.98
2020-12-11,11.97
2020-12-14,12.12
2020-12-15,12.08
2020-12-16,12.22
2020-12-17,12.11
2020-12-18,12.25
2020-12-21,12.02
2020-12-22,11.97
2020-12-23,11.83
2020-12-28,12.07
2020-12-29,12.3
2020-12-30,12.19
2021-01-04,12.08
2021-01-05,12.1
2021-01-06,12.43
2021-01-07,12.68
2021-01-08,12.82
2021-01-12,12.87
2021-01-13,12.94
2021-01-14,13.09
2021-01-15,12.88
2021-01-18,12.69
2021-01-19,12.78
2021-01-20,12.82
2021-01-21,12.89
2021-01-22,12.86
2021-01-25,12.87
2021-01-26,12.85
2021-01-27,12.66
2021-01-28,12.86
2021-01-29,12.82
2021-02-01,12.81
2021-02-02,12.97
2021-02-03,13.27
2021-02-05,13.69
2021-02-08,14.03
2021-02-09,13.91
2021-02-10,14.07
2021-02-12,14.06
2021-02-15,14.14
2021-02-16,14.25
2021-02-17,14.42
2021-02-18,14.02
2021-02-19,14.15
2021-02-22,14.21
2021-02-24,14.25
2021-02-25,14.49
2021-02-26,14.22
2021-03-01,14.33
2021-03-02,14.26
2021-03-03,14.61
2021-03-04,14.68
2021-03-05,14.92
2021-03-08,14.97
2021-03-09,15.23
2021-03-10,15.22
2021-03-11,15.28
2021-03-12,15.41
2021-03-15,15.7
2021-03-16,15.67
2021-03-17,15.62
2021-03-18,15.84
2021-03-19,15.86
2021-03-22,15.98
2021-03-23,15.73
2021-03-24,15.39
2021-03-25,15.55
2021-03-26,15.75
2021-03-29,15.68
2021-03-30,15.71
2021-03-31,15.51
2021-04-01,15.39
2021-04-06,15.36
2021-04-07,15.46
2021-04-08,15.29
2021-04-09,15.37
2021-04-12,15.32
2021-04-13,15.36
2021-04-14,15.4
2021-04-15,15.5
2021-04-16,15.46
2021-04-19,15.4
2021-04-20,15.0
2021-04-21,14.83
2021-04-22,14.97
2021-04-23,14.95
2021-04-26,15.11
2021-04-27,15.02
2021-04-28,15.13
2021-04-30,15.23
2021-05-06,15.48
2021-05-07,15.72
2021-05-10,15.95
2021-05-11,15.65
2021-05-12,15.37
2021-05-14,15.59
2021-05-17,15.47
2021-05-18,15.73
2021-05-19,15.48
2021-05-20,15.64
2021-05-21,15.69
2021-05-25,15.8
2021-05-26,15.8
2021-05-27,15.87
2021-05-28,16.08
2021-05-31,15.85
2021-06-01,15.93
2021-06-02,16.14
2021-06-03,16.21
2021-06-04,16.36
2021-06-07,16.33
2021-06-08,16.33
2021-06-09,16.18
2021-06-10,16.27
2021-06-11,16.13
2021-06-14,16.07
2021-06-15,16.09
2021-06-16,16.18
2021-06-17,16.18
2021-06-18,15.7
2021-06-21,15.63
2021-06-22,15.88
2021-06-24,15.9
2021-06-25,16.07
2021-06-28,16.15
2021-06-29,16.0
2021-06-30,15.93
2021-07-01,15.93
2021-07-02,16.12
2021-07-05,16.11
2021-07-06,16.0
2021-07-07,15.88
2021-07-08,15.42
2021-07-09,15.91
2021-07-12,15.93
2021-07-13,16.05
2021-07-14,15.93
2021-07-15,15.7
2021-07-16,15.8
2021-07-19,15.3
2021-07-20,15.41
2021-07-21,15.59
2021-07-26,15.66
2021-07-27,15.63
2021-07-28,15.89
2021-07-29,15.91
2021-07-30,15.88
2021-08-02,16.03
2021-08-03,15.85
2021-08-04,15.87
2021-08-05,15.91
2021-08-06,15.98
2021-08-10,15.98
2021-08-11,16.32
2021-08-12,16.24
2021-08-13,16.16
2021-08-16,15.87
2021-08-17,15.75
2021-08-18,15.86
2021-08-19,15.48
2021-08-20,15.19
2021-08-23,15.41
2021-08-24,15.6
2021-08-25,15.66
2021-08-26,15.64
2021-08-27,15.71
2021-08-30,15.82
2021-08-31,15.89
2021-09-01,16.11
2021-09-02,15.99
2021-09-03,16.23
2021-09-06,16.63
2021-09-07,16.44
2021-09-08,16.73
2021-09-09,16.63
2021-09-10,16.78
2021-09-13,16.86
2021-09-14,16.9
2021-09-15,16.85
2021-09-16,16.85
2021-09-17,16.8
2021-09-21,16.61
2021-09-22,16.51
2021-09-24,16.88
2021-09-27,17.03
2021-09-28,17.04
2021-09-29,17.13
2021-09-30,16.92
2021-10-01,16.53
2021-10-04,16.46
2021-10-05,16.56
2021-10-06,16.15
2021-10-07,16.38
2021-10-08,16.35
2021-10-11,16.83
2021-10-12,16.74
2021-10-13,16.62
2021-10-14,16.64
2021-10-15,16.95
2021-10-18,16.96
2021-10-19,16.84
2021-10-20,16.86
2021-10-21,16.61
2021-10-22,16.65
2021-10-25,16.6
2021-10-26,16.72
2021-10-27,16.45
2021-10-28,16.46
2021-10-29,16.39
2021-11-02,16.55
2021-11-04,16.64
2021-11-05,16.45
2021-11-08,16.48
2021-11-09,16.21
2021-11-10,16.24
2021-11-11,16.17
2021-11-12,16.29
2021-11-15,16.32
2021-11-16,16.28
2021-11-17,16.03
2021-11-18,16.03
2021-11-19,15.99
2021-11-22,16.02
2021-11-24,16.03
2021-11-25,16.1
2021-11-26,15.53
2021-11-29,15.25
2021-11-30,14.88
2021-12-01,15.1
2021-12-02,15.04
2021-12-03,15.37
2021-12-06,15.46
2021-12-07,15.88
2021-12-08,15.84
2021-12-09,15.6
2021-12-10,15.52
2021-12-13,15.46
2021-12-14,15.49
2021-12-15,15.59
2021-12-16,15.69
2021-12-17,15.63
2021-12-20,15.3
2021-12-21,15.47
2021-12-22,15.49
2021-12-23,15.71
2021-12-27,15.68
2021-12-28,15.8
2021-12-29,15.78
2021-12-30,15.82
2022-01-04,16.22
2022-01-05,16.46
2022-01-06,16.35
2022-01-07,16.45
2022-01-11,16.61
2022-01-12,16.85
2022-01-13,17.0
2022-01-14,16.88
2022-01-17,16.96
2022-01-18,16.64
2022-01-19,16.51
2022-01-20,16.46
2022-01-21,16.32
2022-01-24,16.28
2022-01-25,16.06
2022-01-26,16.23
2022-01-27,16.18
2022-01-28,16.06
2022-01-31,16.22
2022-02-01,16.2
2022-02-02,16.47
2022-02-03,16.52
2022-02-04,16.56
2022-02-07,16.7
2022-02-08,16.89
2022-02-09,17.0
2022-02-10,17.11
2022-02-14,16.92
2022-02-15,17.08
2022-02-16,17.14
2022-02-17,17.02
2022-02-18,17.02
2022-02-21,16.86
2022-02-22,16.8
2022-02-24,16.3
2022-02-25,16.46
2022-02-28,16.59
2022-03-01,16.46
2022-03-02,16.12
2022-03-03,16.34
2022-03-04,16.02
2022-03-07,15.68
2022-03-08,15.15
2022-03-09,15.24
2022-03-10,15.68
2022-03-11,15.77
2022-03-14,16.07
2022-03-15,16.14
2022-03-16,16.44
2022-03-17,16.52
2022-03-18,16.72
2022-03-22,17.13
2022-03-23,17.14
2022-03-24,17.27
2022-03-25,17.36
2022-03-28,17.35
2022-03-29,17.39
2022-03-30,17.23
2022-03-31,17.08
2022-04-01,17.22
2022-04-04,17.16
2022-04-05,16.94
2022-04-06,16.63
2022-04-07,16.54
2022-04-08,16.55
2022-04-11,16.75
2022-04-12,16.65
2022-04-13,16.69
2022-04-14,16.94
2022-04-19,17.18
2022-04-20,17.38
2022-04-21,17.47
2022-04-22,17.23
2022-04-25,16.83
2022-04-26,16.72
2022-04-27,16.81
2022-04-28,17.23
2022-05-02,17.19
2022-05-06,17.43
2022-05-10,17.19
2022-05-11,17.06
2022-05-12,16.98
2022-05-13,17.38
2022-05-16,17.17
2022-05-17,17.24
2022-05-18,17.3
2022-05-19,17.23
2022-05-20,17.45
2022-05-23,17.41
2022-05-24,17.31
2022-05-25,17.27
2022-05-27,17.61
2022-05-30,17.67
2022-05-31,17.55
2022-06-01,18.04
2022-06-02,18.01
2022-06-03,17.97
2022-06-07,18.33
2022-06-08,18.55
2022-06-09,18.52
2022-06-10,18.29
2022-06-13,17.91
2022-06-14,17.97
2022-06-15,17.96
2022-06-16,17.79
2022-06-17,17.85
2022-06-20,17.57
2022-06-21,17.97
2022-06-22,17.91
2022-06-24,17.85
2022-06-27,17.87
2022-06-28,18.33
2022-06-29,18.15
2022-06-30,17.76
2022-07-01,17.8
2022-07-04,17.87
2022-07-05,17.66
2022-07-06,17.45
2022-07-07,17.74
2022-07-08,17.86
2022-07-11,18.09
2022-07-12,17.82
2022-07-13,17.82
2022-07-14,17.91
2022-07-15,17.8
2022-07-19,18.12
2022-07-20,18.33
2022-07-21,18.36
2022-07-22,18.26
2022-07-25,18.34
2022-07-26,18.33
2022-07-27,18.41
2022-07-28,18.37
2022-07-29,18.29
2022-08-01,18.4
2022-08-02,18.24
2022-08-03,18.2
2022-08-04,18.14
2022-08-05,18.26
2022-08-08,18.38
2022-08-09,18.2
2022-08-10,18.48
2022-08-12,18.8
2022-08-16,18.71
2022-08-17,18.93
2022-08-18,18.85
2022-08-19,18.85
2022-08-22,18.86
2022-08-23,18.79
2022-08-24,18.95
2022-08-25,18.96
2022-08-26,18.93
2022-08-29,18.88
2022-08-30,19.02
2022-08-31,19.06
2022-09-01,18.9
2022-09-02,18.91
2022-09-05,18.82
2022-09-06,18.87
2022-09-07,18.87
2022-09-08,19.11
2022-09-09,19.24
2022-09-12,19.39
2022-09-13,19.24
2022-09-14,19.19
2022-09-15,19.25
2022-09-16,19.13
2022-09-20,19.15
2022-09-21,19.06
2022-09-22,18.89
2022-09-26,18.46
2022-09-27,18.41
2022-09-28,18.21
2022-09-29,18.31
2022-09-30,18.17
2022-10-03,18.23
2022-10-04,18.71
2022-10-05,18.65
2022-10-06,18.76
2022-10-07,18.54
2022-10-11,18.4
2022-10-12,18.34
2022-10-13,18.21
2022-10-14,18.61
2022-10-17,18.68
2022-10-18,18.72
2022-10-19,18.59
2022-10-20,18.66
2022-10-21,18.54
2022-10-24,18.47
2022-10-25,18.73
2022-10-26,18.73
2022-10-27,18.52
2022-10-28,18.6
2022-10-31,18.83
2022-11-02,19.11
2022-11-04,19.26
2022-11-07,19.07
2022-11-08,19.25
2022-11-09,19.22
2022-11-10,19.17
2022-11-11,19.1
2022-11-14,19.08
2022-11-15,19.25
2022-11-16,19.1
2022-11-17,19.32
2022-11-18,19.53
2022-11-21,19.62
2022-11-22,19.82
2022-11-24,19.93
2022-11-25,20.05
2022-11-28,19.91
2022-11-29,19.81
2022-11-30,19.9
2022-12-01,19.69
2022-12-02,19.36
2022-12-05,19.23
2022-12-06,19.29
2022-12-07,19.41
2022-12-08,19.48
2022-12-09,19.55
2022-12-12,19.51
2022-12-13,19.73
2022-12-14,19.66
2022-12-15,19.64
2022-12-16,19.56
2022-12-19,19.45
2022-12-20,19.27
2022-12-21,19.17
2022-12-22,19.24
2022-12-23,19.29
2022-12-27,19.36
2022-12-28,19.48
2022-12-29,19.42
2022-12-30,19.25
2023-01-04,19.2
2023-01-05,19.15
2023-01-06,19.23
2023-01-10,19.17
2023-01-11,19.32
2023-01-12,19.19
2023-01-13,19.16
2023-01-16,19.14
2023-01-17,19.38
2023-01-18,19.43
2023-01-19,19.28
2023-01-20,19.56
2023-01-23,19.65
2023-01-24,19.74
2023-01-25,19.85
2023-01-26,20.03
2023-01-27,20.11
2023-01-30,20.1
2023-01-31,19.97
2023-02-01,19.91
2023-02-02,19.76
2023-02-03,19.76
2023-02-06,19.82
2023-02-07,19.78
2023-02-08,19.79
2023-02-09,19.92
2023-02-10,19.92
2023-02-13,20.18
2023-02-14,20.29
2023-02-15,20.33
2023-02-16,20.37
2023-02-17,20.5
2023-02-20,20.72
2023-02-21,20.84
2023-02-22,20.61
2023-02-24,20.75
2023-02-27,20.94
2023-02-28,20.89
2023-03-01,20.87
2023-03-02,20.89
2023-03-03,21.06
2023-03-06,21.16
2023-03-07,21.39
2023-03-08,21.44
2023-03-09,21.63
2023-03-10,21.22
2023-03-13,20.63
2023-03-14,20.21
2023-03-15,20.09
2023-03-16,20.07
2023-03-17,19.88
2023-03-20,19.88
2023-03-22,20.15
2023-03-23,20.15
2023-03-24,19.95
2023-03-27,20.16
2023-03-28,20.19
2023-03-29,20.64
2023-03-30,20.76
2023-03-31,20.9
2023-04-03,21.16
2023-04-04,21.17
2023-04-05,20.83
2023-04-06,20.78
2023-04-11,21.07
2023-04-12,21.19
2023-04-13,21.14
2023-04-14,21.24
2023-04-17,21.36
2023-04-18,21.5
2023-04-19,21.52
2023-04-20,21.63
2023-04-21,21.61
2023-04-24,21.75
2023-04-25,21.7
2023-04-26,21.56
2023-04-27,21.77
2023-04-28,21.89
2023-05-02,22.02
2023-05-08,22.13
2023-05-10,22.16
2023-05-11,22.1
2023-05-12,22.39
2023-05-15,22.46
2023-05-16,22.63
2023-05-17,22.76
2023-05-19,22.92
2023-05-22,23.15
2023-05-23,22.94
2023-05-24,22.84
2023-05-25,22.91
2023-05-26,22.9
2023-05-30,22.76
2023-05-31,22.5
2023-06-01,22.6
2023-06-02,23.09
2023-06-05,23.35
2023-06-06,23.55
2023-06-07,23.38
2023-06-08,23.19
2023-06-09,23.66
2023-06-12,23.66
2023-06-13,23.91
2023-06-14,24.02
2023-06-15,24.04
2023-06-16,24.12
2023-06-19,24.01
2023-06-20,23.83
2023-06-21,24.11
2023-06-22,24.29
2023-06-26,24.02
2023-06-27,24.01
2023-06-28,24.51
2023-06-29,24.55
2023-06-30,24.58
2023-07-03,24.79
2023-07-04,24.77
2023-07-05,24.69
2023-07-06,24.52
2023-07-07,24.34
2023-07-10,24.41
2023-07-11,24.31
2023-07-12,24.35
2023-07-13,24.4
2023-07-14,24.23
2023-07-18,24.4
2023-07-19,24.73
2023-07-20,24.66
2023-07-21,24.95
2023-07-24,24.9
2023-07-25,25.19
2023-07-26,25.03
2023-07-27,25.28
2023-07-28,25.33
2023-07-31,25.64
2023-08-01,25.66
2023-08-02,25.36
2023-08-03,24.81
2023-08-04,24.91
2023-08-07,25.02
2023-08-08,25.16
2023-08-09,25.06
2023-08-10,25.59
2023-08-14,25.07
2023-08-16,24.86
2023-08-17,24.79
2023-08-18,24.63
2023-08-21,24.81
2023-08-22,24.96
2023-08-23,25.11
2023-08-24,25.19
2023-08-25,25.24
2023-08-28,25.56
2023-08-29,25.67
2023-08-30,25.69
2023-08-31,25.91
2023-09-01,26.12
2023-09-04,26.54
2023-09-05,26.59
2023-09-06,26.68
2023-09-07,26.7
2023-09-08,26.47
2023-09-11,26.55
2023-09-12,26.95
2023-09-13,27.16
2023-09-14,27.6
2023-09-15,27.73
2023-09-19,27.96
2023-09-20,27.82
2023-09-21,27.44
2023-09-22,27.48
2023-09-25,27.44
2023-09-26,27.42
2023-09-27,27.53
2023-09-28,27.38
2023-09-29,27.07
2023-10-02,26.86
2023-10-03,26.33
2023-10-04,25.49
2023-10-05,25.97
2023-10-06,26.02
2023-10-10,26.62
2023-10-11,26.58
2023-10-12,26.79
2023-10-13,26.41
2023-10-16,26.19
2023-10-17,26.14
2023-10-18,26.16
2023-10-19,26.12
2023-10-20,25.87
2023-10-23,25.65
2023-10-24,25.75
2023-10-25,25.78
2023-10-26,25.63
2023-10-27,25.73
2023-10-30,25.27
2023-10-31,25.79
2023-11-02,26.24
2023-11-06,26.42
2023-11-07,26.32
2023-11-08,26.0
2023-11-09,26.13
2023-11-10,26.17
2023-11-13,26.24
2023-11-14,26.42
2023-11-15,26.46
2023-11-16,26.36
2023-11-17,26.66
2023-11-20,26.54
2023-11-21,26.44
2023-11-22,26.74
2023-11-24,26.83
2023-11-27,26.67
2023-11-28,26.52
2023-11-29,26.43
2023-11-30,26.6
2023-12-01,26.52
2023-12-04,26.21
2023-12-05,26.26
2023-12-06,26.6
2023-12-07,26.11
2023-12-08,26.05
2023-12-11,26.38
2023-12-12,26.13
2023-12-13,26.07
2023-12-14,25.56
2023-12-15,25.6
2023-12-18,25.52
2023-12-19,25.71
2023-12-20,25.68
2023-12-21,25.53
2023-12-22,25.81
2023-12-27,25.92
2023-12-28,25.97
2023-12-29,26.1
2024-01-04,26.54
2024-01-05,26.73
2024-01-09,26.71
2024-01-10,27.06
2024-01-11,27.37
2024-01-12,27.23
2024-01-15,27.62
2024-01-16,27.47
2024-01-17,27.26
2024-01-18,27.4
2024-01-19,27.27
2024-01-22,27.69
2024-01-23,27.55
2024-01-24,27.47
2024-01-25,27.56
2024-01-26,27.53
2024-01-29,27.73
2024-01-30,27.55
2024-01-31,27.92
2024-02-01,27.82
2024-02-02,27.96
2024-02-05,28.24
2024-02-06,28.07
2024-02-07,28.25
2024-02-08,28.14
2024-02-09,28.01
2024-02-13,28.27
2024-02-14,27.83
2024-02-15,27.91
2024-02-16,28.18
2024-02-19,28.55
2024-02-20,28.42
2024-02-21,28.54
2024-02-22,28.75
2024-02-26,28.8
2024-02-27,28.75
2024-02-28,28.7
2024-02-29,28.62
2024-03-01,28.9
2024-03-04,28.8
2024-03-05,28.95
2024-03-06,29.41
2024-03-07,29.3
2024-03-08,29.31
2024-03-11,28.66
2024-03-12,28.93
2024-03-13,28.77
2024-03-14,29.02
2024-03-15,29.31
2024-03-18,29.76
2024-03-19,29.98
2024-03-21,30.6
2024-03-22,30.65
2024-03-25,30.28
2024-03-26,30.34
2024-03-27,30.42
2024-03-28,30.22
2024-04-02,29.76
2024-04-03,30.15
2024-04-04,30.43
2024-04-05,30.31
2024-04-08,30.6
2024-04-09,30.63
2024-04-10,30.63
2024-04-11,30.75
2024-04-12,30.75
2024-04-15,31.03
2024-04-16,30.41
2024-04-17,30.1
2024-04-18,30.19
2024-04-19,30.12
2024-04-22,30.47
2024-04-23,30.5
2024-04-24,30.54
2024-04-25,29.94
2024-04-26,30.43
2024-04-30,30.82
2024-05-02,30.63
2024-05-07,30.71
2024-05-08,30.26
2024-05-10,30.68
2024-05-13,30.33
2024-05-14,30.69
2024-05-15,30.53
2024-05-16,30.28
2024-05-17,30.28
2024-05-21,30.49
2024-05-22,30.29
2024-05-23,30.37
2024-05-24,30.46
2024-05-27,30.7
2024-05-28,30.89
2024-05-29,30.57
2024-05-30,30.73
2024-05-31,31.15
2024-06-03,31.37
2024-06-04,31.14
2024-06-05,30.96
2024-06-06,30.77
2024-06-07,30.94
2024-06-10,31.14
2024-06-11,30.93
2024-06-12,30.96
2024-06-13,30.41
2024-06-14,30.41
2024-06-17,30.0
2024-06-18,30.14
2024-06-19,30.21
2024-06-20,30.18
2024-06-21,30.12
2024-06-24,30.47
2024-06-25,30.81
2024-06-26,30.75
2024-06-27,31.01
2024-06-28,31.03
2024-07-01,31.18
2024-07-02,31.28
2024-07-03,31.45
2024-07-04,31.81
2024-07-05,31.58
2024-07-08,31.45
2024-07-09,31.43
2024-07-10,31.59
2024-07-11,31.77
2024-07-12,31.83
2024-07-16,31.84
2024-07-17,32.01
2024-07-18,32.17
2024-07-19,31.99
2024-07-22,32.01
2024-07-23,32.02
2024-07-24,31.15
2024-07-25,30.78
2024-07-26,31.08
2024-07-29,31.49
2024-07-30,31.42
2024-07-31,31.79
2024-08-01,30.92
2024-08-02,29.08
2024-08-05,26.89
2024-08-06,27.32
2024-08-07,28.15
2024-08-08,28.07
2024-08-09,28.15
2024-08-13,28.53
2024-08-14,28.74
2024-08-16,29.68
2024-08-19,29.66
2024-08-20,29.94
2024-08-21,29.94
2024-08-22,30.23
2024-08-23,30.47
2024-08-26,30.25
2024-08-27,30.42
2024-08-28,30.48
2024-08-29,30.51
2024-08-30,30.57
2024-09-02,30.6
2024-09-03,30.67
2024-09-04,30.0
2024-09-05,30.24
2024-09-06,30.09
2024-09-09,29.95
2024-09-10,29.87
2024-09-11,29.36
2024-09-12,29.69
2024-09-13,29.44
2024-09-17,29.63
2024-09-18,29.72
2024-09-19,30.29
2024-09-20,30.52
2024-09-24,30.25
2024-09-25,30.51
2024-09-26,31.09
2024-09-27,30.34
2024-09-30,30.65
2024-10-01,30.67
2024-10-02,30.84
2024-10-03,31.01
2024-10-04,31.6
2024-10-07,31.48
2024-10-08,31.44
2024-10-09,31.16
2024-10-10,31.1
2024-10-11,31.34
2024-10-15,31.22
2024-10-16,31.01
2024-10-17,31.15
2024-10-18,31.08
2024-10-21,30.99
2024-10-22,30.57
2024-10-23,30.48
2024-10-24,30.4
2024-10-25,30.49
2024-10-28,30.65
2024-10-29,31.02
2024-10-30,31.08
2024-10-31,30.82
2024-11-05,31.49
2024-11-06,31.59
2024-11-07,32.19
2024-11-08,31.77
2024-11-11,31.74
2024-11-12,31.95
2024-11-13,31.7
2024-11-14,31.9
2024-11-15,31.56
2024-11-18,31.64
2024-11-19,31.68
2024-11-20,31.61
2024-11-21,31.64
2024-11-22,32.03
2024-11-25,32.04
2024-11-26,31.82
2024-11-27,31.43
2024-11-28,31.68
2024-11-29,31.57
2024-12-02,31.96
2024-12-03,32.17
2024-12-04,32.05
2024-12-05,32.08
2024-12-06,31.91
2024-12-09,32.12
2024-12-10,32.1
2024-12-11,32.4
2024-12-12,32.36
2024-12-13,32.36
2024-12-16,32.29
2024-12-17,31.93
2024-12-18,32.16
2024-12-19,32.31
2024-12-20,31.99
2024-12-23,32.21
2024-12-27,32.93
2024-12-30,32.61
2025-01-06,32.8
2025-01-07,32.91
2025-01-08,32.63
2025-01-09,32.25
2025-01-10,31.91
2025-01-14,31.78
2025-01-15,31.9
2025-01-16,31.79
2025-01-17,31.94
2025-01-20,32.16
2025-01-21,32.2
2025-01-22,32.33
2025-01-23,32.26
2025-01-24,32.65
2025-01-27,32.51
2025-01-28,32.83
2025-01-29,32.85
2025-01-30,32.95
2025-01-31,32.96
2025-02-03,31.99
2025-02-04,32.31
2025-02-05,32.36
2025-02-06,32.77
2025-02-07,32.9
2025-02-10,32.85
2025-02-12,32.71
2025-02-13,33.11
2025-02-14,32.91
2025-02-17,32.91
2025-02-18,33.15
2025-02-19,33.19
2025-02-20,33.09
2025-02-21,33.31
2025-02-25,33.31
2025-02-26,33.43
2025-02-27,33.62
2025-02-28,33.3
2025-03-03,33.61
2025-03-04,32.92
2025-03-05,33.3
2025-03-06,33.64
2025-03-07,33.79
2025-03-10,33.44
2025-03-11,33.11
2025-03-12,33.54
2025-03-13,33.71
2025-03-14,34.03
2025-03-17,34.41
2025-03-18,34.52
2025-03-19,34.86
2025-03-21,34.78
2025-03-24,34.91
2025-03-25,34.92
2025-03-26,34.95
2025-03-27,35.15
2025-03-28,34.25
2025-03-31,33.47
2025-04-01,33.34
2025-04-02,33.14
2025-04-03,31.77
2025-04-04,30.47
2025-04-07,29.04
2025-04-08,30.51
2025-04-09,29.15
2025-04-10,30.62
2025-04-11,30.17
2025-04-14,30.96
2025-04-15,31.22
2025-04-16,30.86
2025-04-17,31.28
2025-04-22,31.46
2025-04-23,32.13
2025-04-24,31.84
2025-04-25,32.16
2025-04-28,32.33
2025-04-30,32.29
2025-05-02,32.67
2025-05-07,32.71
2025-05-08,32.88
2025-05-12,33.66
2025-05-13,33.55
2025-05-14,33.07
2025-05-15,32.92
2025-05-16,32.93
2025-05-19,32.76
2025-05-20,32.8
2025-05-21,32.71
2025-05-22,32.59
2025-05-23,32.56
2025-05-26,32.75
2025-05-27,33.1
2025-05-28,33.09
2025-05-30,33.29
2025-06-02,32.97
2025-06-03,33.17
2025-06-04,33.1
2025-06-05,32.82
2025-06-06,33.3
2025-06-10,33.12
2025-06-11,33.68
2025-06-12,33.41
2025-06-13,33.2
2025-06-16,33.26
2025-06-17,33.33
2025-06-18,33.48
2025-06-19,33.41
2025-06-20,33.34
2025-06-24,33.44
2025-06-25,33.68
2025-06-26,33.54
2025-06-27,34.06
2025-06-30,33.98
2025-07-01,33.89
2025-07-02,34.12
2025-07-03,34.7
2025-07-04,34.35
2025-07-07,34.09
2025-07-08,34.21
2025-07-09,34.56
2025-07-10,34.31
2025-07-11,34.66
2025-07-14,34.48
2025-07-15,34.49
2025-07-16,34.14
2025-07-18,34.41
2025-07-22,34.19
2025-07-23,35.77
2025-07-24,36.04
2025-07-25,35.72
2025-07-28,35.58
2025-07-29,35.49
2025-07-30,35.67
2025-07-31,35.86
2025-08-01,35.6
2025-08-04,35.95
2025-08-05,36.2
2025-08-06,36.53
2025-08-07,36.82
2025-08-08,37.22
2025-08-12,37.54
2025-08-13,37.47
2025-08-14,37.33
2025-08-18,37.94
2025-08-19,37.89
2025-08-20,37.6
2025-08-21,37.79
2025-08-22,38.15
2025-08-25,38.04
2025-08-26,37.81
2025-08-27,37.72
2025-08-28,38.1
2025-08-29,37.58
2025-09-01,37.97
2025-09-02,38.15
2025-09-03,38.12
2025-09-04,38.37
2025-09-05,38.8
2025-09-08,39.12
2025-09-09,38.61
2025-09-10,38.84
2025-09-11,38.97
2025-09-12,38.87
2025-09-16,39.09
2025-09-17,38.97
2025-09-18,39.42
2025-09-19,39.16
2025-09-22,39.71
2025-09-24,39.72
2025-09-25,39.66
2025-09-26,39.8
2025-09-29,39.47
2025-09-30,39.29
2025-10-01,38.75
2025-10-02,38.91
2025-10-03,39.6
2025-10-06,40.35
2025-10-07,40.44
2025-10-08,40.49
2025-10-09,40.79
2025-10-10,39.39
2025-10-14,38.84
2025-10-15,39.76
2025-10-16,39.99
2025-10-17,39.86
2025-10-20,40.49
2025-10-21,40.52
2025-10-22,40.79
2025-10-23,40.88
2025-10-24,41.24
2025-10-27,41.38
2025-10-28,40.85
2025-10-29,40.33
2025-10-30,40.83
2025-10-31,40.55
2025-11-04,40.6
2025-11-05,40.47
2025-11-06,40.39
2025-11-07,40.32
2025-11-10,40.86
2025-11-11,41.07
2025-11-12,41.42
2025-11-13,41.28
2025-11-14,41.67
2025-11-17,41.42
2025-11-18,40.59
2025-11-19,40.8
2025-11-20,41.05
2025-11-21,41.19
2025-11-25,41.29
2025-11-26,42.14
2025-11-27,42.15
2025-11-28,42.52
2025-12-01,42.3
2025-12-02,42.4
2025-12-03,41.92
2025-12-04,42.78
2025-12-05,42.79
2025-12-08,42.84
2025-12-09,43.2
2025-12-10,43.21
2025-12-11,42.93
2025-12-12,43.42
2025-12-15,43.8
2025-12-16,43.46
2025-12-17,43.09
2025-12-18,43.13
2025-12-19,43.73
2025-12-22,43.64
2025-12-23,44.05
2025-12-29,43.92
2025-12-30,44.0
2026-01-05,44.61
2026-01-06,45.26
2026-01-07,45.3
2026-01-08,45.12
2026-01-09,46.36
2026-01-13,46.48
2026-01-14,46.66
2026-01-15,47.32
2026-01-16,47.1
2026-01-19,47.33
2026-01-20,46.6
2026-01-21,46.69
2026-01-22,47.23
2026-01-23,47.13
2026-01-26,46.12
2026-01-27,46.08
2026-01-28,45.63
2026-01-29,45.9
2026-01-30,46.86
2026-02-02,46.8
2026-02-03,47.39
2026-02-04,48.97
2026-02-05,49.26
2026-02-06,50.79
2026-02-09,50.8
2026-02-10,51.65
2026-02-12,51.95
2026-02-13,51.29
2026-02-16,50.25
2026-02-17,50.26
2026-02-18,50.78
2026-02-19,51.06
2026-02-20,50.57
2026-02-24,51.08
2026-02-25,51.23
2026-02-26,51.18
2026-02-27,52.09
2026-03-02,51.41
2026-03-03,48.55
2026-03-04,48.31
2026-03-05,48.57
2026-03-06,47.88
2026-03-09,47.29
2026-03-10,48.65
2026-03-11,48.3
2026-03-12,47.23
2026-03-13,47.1
2026-03-16,47.28
2026-03-17,47.66
2026-03-18,47.87
2026-03-19,46.53
2026-03-23,46.44
2026-03-24,46.7
2026-03-25,47.75
2026-03-26,47.62
2026-03-27,47.26
2026-03-30,46.79
2026-03-31,46.97
2026-04-01,49.11
2026-04-02,48.33
2026-04-07,48.7
2026-04-08,51.14
2026-04-09,50.36
2026-04-10,50.42
2026-04-13,50.38
2026-04-14,50.59
2026-04-15,50.65
2026-04-16,50.72
2026-04-17,51.14
2026-04-20,51.13
2026-04-21,50.67
2026-04-22,50.14
2026-04-23,49.75
2026-04-24,49.68
2026-04-27,50.17
2026-04-28,50.34
2026-04-30,50.69
2026-05-07,52.27
2026-05-08,53.22
2026-05-11,53.38
2026-05-12,53.81
2026-05-13,54.56
2026-05-15,54.58
2026-05-18,54.48
2026-05-19,54.98
2026-05-20,54.68
2026-05-21,54.99
2026-05-22,55.47
2026-05-26,56.24
2026-05-27,55.89
2026-05-28,55.77
2026-05-29,56.58
2026-06-01,56.31
2026-06-02,56.58
2026-06-03,57.74
2026-06-04,57.38
2026-06-05,56.8
2026-06-08,56.24
2026-06-09,56.45
2026-06-10,55.74
2026-06-11,55.89
2026-06-12,56.36
2026-06-15,57.6
2026-06-16,57.6
2026-06-17,57.93
2026-06-18,58.81
2026-06-19,58.18
2026-06-22,58.82
2026-06-24,57.09
2026-06-25,57.06
2026-06-26,57.62
2026-06-29,57.63
2026-06-30,58.08
2026-07-01,58.42
2026-07-02,59.02
2026-07-03,59.84
2026-07-06,60.59
2026-07-07,59.75
2026-07-08,59.36
2026-07-09,59.69
2026-07-10,59.48
2026-07-13,59.4
2026-07-14,59.92
2026-07-15,59.62
2026-07-16,59.27
2026-07-17,58.33
2026-07-21,59.22
2026-07-22,59.16
2026-07-23,59.06
2026-07-24,59.33
2026-07-27,60.09
2026-07-28,59.1
2026-07-29,60.25
2026-07-30,59.56
2026-07-31,58.71
2026-08-03,58.27
2026-08-04,58.59
2026-08-05,59.47
2026-08-06,59.71
2026-08-07,60.39
2026-08-10,60.88
2026-08-12,61.67
2026-08-13,61.95
2026-08-14,61.96
2026-08-17,61.14
2026-08-18,60.52
2026-08-19,59.26
2026-08-20,59.51
2026-08-21,59.89
2026-08-24,59.84
2026-08-25,60.11
2026-08-26,60.05
2026-08-27,60.06
2026-08-28,60.88
2026-08-31,60.99
2026-09-01,60.86
2026-09-02,60.12
2026-09-03,60.30
